{"cameraMode":{"drawMode":0,"name":"Shaded","section":"Shading Mode"},"sceneLighting":false,"audioPlay":false,"sceneViewState":{"showFog":true,"showMaterialUpdate":false,"showSkybox":false,"showFlares":true,"showImageEffects":true,"showParticleSystems":true,"showVisualEffectGraphs":true,"m_FxEnabled":true},"in2DMode":false,"pivot":{"x":-8.479944229125977,"y":0.47773128747940066,"z":20.56023597717285},"rotation":{"x":0.013250348158180714,"y":0.6766822338104248,"z":-0.012181652709841729,"w":0.7360520362854004},"size":1.409501552581787,"orthographic":false}