{"cameraMode":{"drawMode":0,"name":"Shaded","section":"Shading Mode"},"sceneLighting":true,"audioPlay":false,"sceneViewState":{"showFog":true,"showMaterialUpdate":false,"showSkybox":true,"showFlares":true,"showImageEffects":true,"showParticleSystems":true,"showVisualEffectGraphs":true,"m_FxEnabled":true},"in2DMode":false,"pivot":{"x":2.484257459640503,"y":-0.2963431775569916,"z":3.1998789310455324},"rotation":{"x":0.5105313658714294,"y":-0.005160517990589142,"z":0.003066770965233445,"w":0.8598459362983704},"size":11.578001022338868,"orthographic":false}