{"cameraMode":{"drawMode":0,"name":"Shaded","section":"Shading Mode"},"sceneLighting":true,"audioPlay":false,"sceneViewState":{"showFog":true,"showMaterialUpdate":false,"showSkybox":true,"showFlares":true,"showImageEffects":true,"showParticleSystems":true,"showVisualEffectGraphs":true,"m_FxEnabled":true},"in2DMode":false,"pivot":{"x":0.8525473475456238,"y":15.236448287963868,"z":-3.5996220111846926},"rotation":{"x":0.16270661354064942,"y":-0.02811550907790661,"z":0.004638337064534426,"w":0.9862626194953919},"size":3.4309990406036379,"orthographic":false}