{"cameraMode":{"drawMode":0,"name":"Shaded","section":"Shading Mode"},"sceneLighting":true,"audioPlay":false,"sceneViewState":{"showFog":true,"showMaterialUpdate":false,"showSkybox":true,"showFlares":true,"showImageEffects":true,"showParticleSystems":true,"showVisualEffectGraphs":true,"m_FxEnabled":true},"in2DMode":false,"pivot":{"x":38.535667419433597,"y":1.8309307098388672,"z":-21.9669132232666},"rotation":{"x":-0.11870016902685166,"y":-0.21215635538101197,"z":0.025970691815018655,"w":-0.9696481227874756},"size":18.188093185424806,"orthographic":false}