{"cameraMode":{"drawMode":0,"name":"Shaded","section":"Shading Mode"},"sceneLighting":true,"audioPlay":false,"sceneViewState":{"showFog":true,"showMaterialUpdate":false,"showSkybox":true,"showFlares":true,"showImageEffects":true,"showParticleSystems":true,"showVisualEffectGraphs":true,"m_FxEnabled":true},"in2DMode":false,"pivot":{"x":10.905921936035157,"y":16.414751052856447,"z":35.25680160522461},"rotation":{"x":0.10331013053655625,"y":-0.010443390347063542,"z":0.001084810239262879,"w":0.9945922493934631},"size":33.550994873046878,"orthographic":false}