{"cameraMode":{"drawMode":0,"name":"Shaded","section":"Shading Mode"},"sceneLighting":false,"audioPlay":false,"sceneViewState":{"showFog":true,"showMaterialUpdate":false,"showSkybox":false,"showFlares":true,"showImageEffects":true,"showParticleSystems":true,"showVisualEffectGraphs":true,"m_FxEnabled":true},"in2DMode":false,"pivot":{"x":-0.03922419250011444,"y":0.7536823749542236,"z":11.099223136901856},"rotation":{"x":-0.060472533106803897,"y":-0.8240106701850891,"z":0.08959921449422836,"w":-0.5561583042144775},"size":0.9062631726264954,"orthographic":false}