{"cameraMode":{"drawMode":0,"name":"Shaded","section":"Shading Mode"},"sceneLighting":false,"audioPlay":false,"sceneViewState":{"showFog":true,"showMaterialUpdate":false,"showSkybox":false,"showFlares":true,"showImageEffects":true,"showParticleSystems":true,"showVisualEffectGraphs":true,"m_FxEnabled":true},"in2DMode":false,"pivot":{"x":5.765764236450195,"y":0.18682263791561128,"z":0.3206297755241394},"rotation":{"x":-0.06396392732858658,"y":0.12302155047655106,"z":-0.007939867675304413,"w":-0.9902961254119873},"size":4.7933759689331059,"orthographic":false}