{"cameraMode":{"drawMode":0,"name":"Shaded","section":"Shading Mode"},"sceneLighting":true,"audioPlay":false,"sceneViewState":{"showFog":true,"showMaterialUpdate":false,"showSkybox":true,"showFlares":true,"showImageEffects":true,"showParticleSystems":true,"showVisualEffectGraphs":true,"m_FxEnabled":true},"in2DMode":false,"pivot":{"x":0.3864594101905823,"y":-1.4277992248535157,"z":1.7250137329101563},"rotation":{"x":0.15567022562026978,"y":-0.0006292412872426212,"z":0.00008378254278795794,"w":0.9878043532371521},"size":13.272587776184082,"orthographic":false}