{"cameraMode":{"drawMode":0,"name":"Shaded","section":"Shading Mode"},"sceneLighting":false,"audioPlay":false,"sceneViewState":{"showFog":true,"showMaterialUpdate":false,"showSkybox":false,"showFlares":true,"showImageEffects":true,"showParticleSystems":true,"showVisualEffectGraphs":true,"m_FxEnabled":true},"in2DMode":false,"pivot":{"x":1.8197251558303834,"y":0.0959443747997284,"z":0.8924967050552368},"rotation":{"x":-0.07457562536001206,"y":0.4910624623298645,"z":-0.04222657531499863,"w":-0.8668555617332459},"size":0.9749261140823364,"orthographic":false}