{"cameraMode":{"drawMode":0,"name":"Shaded","section":"Shading Mode"},"sceneLighting":false,"audioPlay":false,"sceneViewState":{"showFog":true,"showMaterialUpdate":false,"showSkybox":false,"showFlares":true,"showImageEffects":true,"showParticleSystems":true,"showVisualEffectGraphs":true,"m_FxEnabled":true},"in2DMode":false,"pivot":{"x":0.04982878267765045,"y":0.8088458180427551,"z":-0.8055094480514526},"rotation":{"x":-0.09492778033018112,"y":-0.5662311315536499,"z":0.06587804108858109,"w":-0.8160710334777832},"size":0.9482557773590088,"orthographic":false}