{"cameraMode":{"drawMode":0,"name":"Shaded","section":"Shading Mode"},"sceneLighting":false,"audioPlay":false,"sceneViewState":{"showFog":true,"showMaterialUpdate":false,"showSkybox":false,"showFlares":true,"showImageEffects":true,"showParticleSystems":true,"showVisualEffectGraphs":true,"m_FxEnabled":true},"in2DMode":false,"pivot":{"x":22.8413143157959,"y":-0.5374493598937988,"z":21.22952651977539},"rotation":{"x":0.037117619067430499,"y":0.14072763919830323,"z":-0.005279748234897852,"w":0.9893390536308289},"size":15.063671112060547,"orthographic":false}