{"cameraMode":{"drawMode":0,"name":"Shaded","section":"Shading Mode"},"sceneLighting":false,"audioPlay":false,"sceneViewState":{"showFog":true,"showMaterialUpdate":false,"showSkybox":false,"showFlares":true,"showImageEffects":true,"showParticleSystems":true,"showVisualEffectGraphs":true,"m_FxEnabled":true},"in2DMode":false,"pivot":{"x":11.064436912536621,"y":0.31580737233161929,"z":15.42929458618164},"rotation":{"x":-0.00973395723849535,"y":-0.5847304463386536,"z":-0.007017269730567932,"w":0.8111345171928406},"size":0.4766763150691986,"orthographic":false}