{"cameraMode":{"drawMode":0,"name":"Shaded","section":"Shading Mode"},"sceneLighting":false,"audioPlay":false,"sceneViewState":{"showFog":true,"showMaterialUpdate":false,"showSkybox":false,"showFlares":true,"showImageEffects":true,"showParticleSystems":true,"showVisualEffectGraphs":true,"m_FxEnabled":true},"in2DMode":false,"pivot":{"x":-0.9824695587158203,"y":2.0607333183288576,"z":12.71793270111084},"rotation":{"x":-0.007346255239099264,"y":-0.7144516110420227,"z":-0.0075019244104623798,"w":0.6996045112609863},"size":3.7945938110351564,"orthographic":false}