{"cameraMode":{"drawMode":0,"name":"Shaded","section":"Shading Mode"},"sceneLighting":true,"audioPlay":false,"sceneViewState":{"showFog":true,"showMaterialUpdate":false,"showSkybox":true,"showFlares":true,"showImageEffects":true,"showParticleSystems":true,"showVisualEffectGraphs":true,"m_FxEnabled":true},"in2DMode":false,"pivot":{"x":106.59205627441406,"y":3.5513744354248049,"z":-49.335060119628909},"rotation":{"x":-0.06978941708803177,"y":-0.7516284584999085,"z":0.08058745414018631,"w":-0.6509082913398743},"size":49.150821685791019,"orthographic":false}