{"cameraMode":{"drawMode":0,"name":"Shaded","section":"Shading Mode"},"sceneLighting":true,"audioPlay":false,"sceneViewState":{"showFog":true,"showMaterialUpdate":false,"showSkybox":true,"showFlares":true,"showImageEffects":true,"showParticleSystems":true,"showVisualEffectGraphs":true,"m_FxEnabled":true},"in2DMode":false,"pivot":{"x":22.149980545043947,"y":0.3121366500854492,"z":-2.255594253540039},"rotation":{"x":-0.07218935340642929,"y":-0.38368865847587588,"z":0.030131923034787179,"w":-0.9200857281684876},"size":19.266708374023439,"orthographic":false}